cod_agencia,total_financiamento,total_clientes,fisico_digital,media_financiamento_cliente
7,30994187.36,460,Digital,67378.66817391304
1,7234915.43,119,Física,60797.60865546218
2,7778604.34,101,Física,77015.88455445545
3,4708630.36,76,Física,61955.662631578954
4,3295571.18,65,Física,50701.09507692308
5,3457692.75,61,Física,56683.487704918036
6,3877126.55,52,Física,74560.12596153846
8,2119079.2,30,Física,70635.97333333334
9,1641121.56,30,Física,54704.052
