,Coef.,Std.Err.,t,P>|t|,[0.025,0.975]
const,129706.24095057024,4633.58756968983,27.992616735902697,2.7379943707129236e-105,120603.05721964853,138809.42468149195
fisica_digital_cod,-6223.422783239666,6630.741143373167,-0.9385712168027281,0.3483934795337188,-19250.230627587436,6803.385061108102
